model type,fold 1,fold 2,fold 3,fold 4,fold 5
LinearModel,0.9702970297029703,1.0,1.0,0.9494949494949495,0.9292929292929293
NN,0.900990099009901,0.900990099009901,0.9,0.9090909090909091,0.9090909090909091
KNN,0.9603960396039604,0.9108910891089109,0.9,0.9090909090909091,0.8888888888888888
RandomForest,0.9108910891089109,1.0,0.99,0.9292929292929293,0.898989898989899
DecisionTree,0.8910891089108911,0.9603960396039604,0.98,0.8383838383838383,0.8383838383838383
SVM,0.9405940594059405,1.0,1.0,0.9595959595959596,0.9090909090909091
Naive,0.9900990099009901,1.0,1.0,0.9292929292929293,0.9191919191919192
Baseline,0.900990099009901,0.900990099009901,0.9,0.9090909090909091,0.9090909090909091
